,FoilID,Total_Grade,printingDay,toKobeday,QCday,toCERNday,R_grade,R_mean[Mohm/sq],R_rms,GoodRatio[%],Max,Min,ratio_mu[CH/JP],ratio_rms[CH/JP],width_grade,width_mean[um],width_rms,pitch_grade,pitch_mean[um],pitch_rms,eta[mm]
0,SE8_00076,A,2016.06.03,2016.06.03,2016.06.04,2016.06.05,A,0.97,0.22,100.0,1.96,0.62,,,A,324.4,20.1,A,425.4,16.1,473.3
1,SE8_00078,A,2016.06.03,2016.06.03,2016.06.04,2016.06.05,A,1.07,0.23,100.0,1.98,0.7,,,A,322.5,19.9,A,425.5,15.9,473.3
2,SE8_00079,A,2016.06.03,2016.06.03,2016.06.04,2016.06.05,A,1.0,0.22,100.0,1.92,0.65,,,A,323.0,20.0,A,425.4,16.1,473.3
3,SE8_00080,A,2016.06.03,2016.06.03,2016.06.04,2016.06.05,A,1.03,0.25,100.0,1.97,0.67,,,A,324.2,20.1,A,425.5,16.2,473.3
4,SE8_00081,A,2016.06.03,2016.06.03,2016.06.04,2016.06.05,A,1.03,0.25,100.0,1.99,0.67,,,A,323.7,20.2,A,425.4,16.4,473.3
5,SE8_00082,A,2016.06.03,2016.06.03,2016.06.04,2016.06.05,A,1.0,0.23,100.0,1.94,0.64,,,A,323.2,20.1,A,425.5,16.1,473.3
6,SE8_00083,A,2016.06.03,2016.06.03,2016.06.04,2016.06.05,A,0.99,0.23,100.0,1.98,0.66,,,A,320.7,19.4,A,425.5,15.8,473.3
7,SE8_00084,A,2016.06.03,2016.06.03,2016.06.04,2016.06.05,A,1.0,0.21,100.0,1.81,0.61,,,A,323.5,20.1,A,425.5,16.1,473.4
8,SE8_00085,A,2016.06.03,2016.06.03,2016.06.04,2016.06.05,A,1.0,0.2,100.0,1.78,0.65,,,A,323.1,19.8,A,425.5,16.0,473.3
9,SE7_00065,A,2016.06.03,2016.06.03,2016.08.09,,A,1.01,0.11,100.0,1.48,0.64,,,A,322.8,19.4,A,425.4,16.1,450.2
10,SE7_00066,A,2016.06.03,2016.06.03,2016.08.09,,A,0.98,0.11,100.0,1.57,0.64,,,A,322.8,19.5,A,425.4,16.2,450.2
11,SE7_00067,A,2016.06.03,2016.06.03,2016.08.09,,A,1.0,0.13,100.0,1.42,0.61,,,A,322.9,19.4,A,425.3,16.0,0.0
12,SE7_00068,A,2016.06.03,2016.06.03,2016.08.09,,A,1.0,0.14,100.0,1.55,0.64,,,A,323.1,19.7,A,425.4,16.1,450.2
13,SE7_00069,A,2016.06.03,2016.06.03,2016.08.09,,A,1.01,0.13,100.0,1.46,0.64,,,A,322.3,19.4,A,425.4,15.9,450.2
14,SE7_00070,A,2016.06.03,2016.06.03,2016.08.09,,A,1.09,0.17,100.0,1.76,0.68,,,A,321.8,19.4,A,425.4,15.8,450.2
15,SE7_00071,A,2016.06.03,2016.06.03,2016.08.09,,A,1.07,0.19,100.0,1.74,0.61,,,A,322.7,19.8,A,425.4,16.0,450.2
16,SE7_00072,A,2016.06.03,2016.06.03,2016.08.09,,A,1.06,0.15,100.0,1.79,0.72,,,A,321.8,19.4,A,425.4,15.9,450.3
17,SE7_00073,A,2016.06.03,2016.06.03,2016.08.09,,A,1.13,0.17,100.0,1.88,0.71,,,A,322.8,19.3,A,425.4,16.0,450.2
18,SE7_00074,A,2016.06.03,2016.06.03,2016.08.09,,A,1.12,0.19,100.0,1.93,0.64,,,A,321.6,20.8,A,425.2,17.7,450.2
19,SE7_00075,A,2016.06.03,2016.06.03,2016.08.09,,A,1.23,0.26,100.0,1.98,0.74,,,A,321.4,19.6,A,425.4,15.8,450.2
20,SE7_00076,A,2016.06.03,2016.06.03,2016.08.09,,A,1.11,0.16,100.0,1.67,0.69,,,A,322.2,19.5,A,425.5,15.8,450.3
21,SE7_00077,A,2016.06.03,2016.06.03,2016.06.03,2016.06.05,A,1.21,0.19,100.0,2.15,0.66,,,A,322.6,20.0,A,425.3,15.9,450.1
22,SE7_00078,A,2016.06.03,2016.06.03,2016.06.03,2016.06.05,A,1.17,0.18,100.0,2.1,0.71,,,A,319.5,19.2,A,425.3,15.6,450.1
23,SE7_00079,A,2016.06.03,2016.06.03,2016.06.03,2016.06.05,A,1.26,0.2,100.0,2.02,0.72,,,A,320.5,19.4,A,425.3,15.7,450.1
24,SE7_00080,A,2016.06.03,2016.06.03,2016.06.03,2016.06.05,A,1.32,0.24,100.0,2.31,0.7,,,A,323.5,20.1,A,425.3,16.1,450.1
25,SE7_00081,A,2016.06.03,2016.06.03,2016.06.03,2016.06.05,A,1.29,0.22,100.0,2.32,0.7,,,A,321.0,19.7,A,425.3,15.7,450.1
26,SE7_00082,A,2016.06.03,2016.06.03,2016.06.03,2016.06.05,A,1.24,0.17,100.0,1.88,0.74,,,A,321.7,19.7,A,425.3,15.7,450.1
27,SE7_00083,A,2016.06.03,2016.06.03,2016.06.03,2016.06.05,A,1.25,0.22,100.0,2.07,0.7,,,A,323.2,19.6,A,425.3,16.0,450.1
28,SE7_00084,A,2016.06.03,2016.06.03,2016.06.03,2016.06.05,A,1.2,0.2,100.0,1.88,0.67,,,A,322.1,19.9,A,425.4,15.9,450.1
29,SE7_00085,A,2016.06.03,2016.06.03,2016.06.03,2016.06.05,A,1.2,0.21,100.0,2.22,0.73,,,A,323.7,20.1,A,425.3,16.1,450.2
30,SE7_00086,A,2016.06.03,2016.06.03,2016.06.03,2016.06.05,A,1.26,0.23,100.0,2.44,0.66,,,A,323.9,19.3,A,425.4,15.3,450.1
31,SE6_00001,A,2016.05.31,2016.06.03,2016.07.06,,A,1.6,0.3,100.0,2.42,0.82,,,A,309.7,18.1,A,425.4,14.9,472.1
32,SE6_00002,A,2016.05.31,2016.06.03,2016.07.06,,A,1.36,0.26,100.0,2.03,0.74,,,A,300.9,15.5,A,425.6,13.4,472.1
33,SE6_00003,A,2016.05.31,2016.06.03,2016.07.06,,A,1.3,0.23,100.0,2.31,0.51,,,A,300.2,15.8,A,425.6,13.6,472.1
34,SE6_00004,A,2016.05.31,2016.06.03,2016.07.06,,A,1.19,0.19,100.0,1.83,0.69,,,A,302.8,16.3,A,425.6,14.1,472.2
35,SE6_00005,A,2016.05.31,2016.06.03,2016.07.06,,A,1.17,0.2,100.0,1.7,0.61,,,A,305.0,16.5,A,425.6,14.2,472.2
36,SE6_00006,A,2016.05.31,2016.06.03,2016.07.06,,A,1.18,0.19,100.0,1.66,0.57,,,A,308.5,16.8,A,425.6,14.6,472.2
37,SE6_00007,A,2016.05.31,2016.06.03,2016.07.06,,A,1.17,0.16,100.0,1.63,0.63,,,A,310.6,17.2,A,425.5,14.8,472.2
38,SE6_00008,A,2016.05.31,2016.06.03,2016.07.06,,A,1.21,0.24,100.0,2.04,0.52,,,A,313.4,17.5,A,425.6,14.9,472.2
39,SE6_00009,A,2016.05.31,2016.06.03,2016.07.06,,A,1.16,0.24,100.0,1.93,0.6,,,A,315.5,17.6,A,425.6,15.0,472.2
40,SE6_00010,A,2016.05.31,2016.06.03,2016.07.06,,A,1.18,0.25,100.0,2.06,0.6,,,A,316.6,17.9,A,425.6,15.2,472.3
41,SE6_00011,A,2016.05.31,2016.06.03,2016.07.05,,A,1.18,0.19,100.0,1.81,0.7,,,A,318.0,18.0,A,425.5,15.2,472.2
42,SE6_00012,A,2016.05.31,2016.06.03,2016.07.05,,A,1.15,0.2,100.0,1.77,0.49,,,A,319.0,18.0,A,425.5,15.2,472.2
43,SE6_00013,A,2016.05.31,2016.06.03,2016.07.05,,A,1.13,0.17,100.0,1.72,0.64,,,A,316.3,17.9,A,425.5,14.9,472.2
44,SE6_00014,A,2016.05.31,2016.06.03,2016.07.05,,A,1.15,0.2,100.0,1.88,0.59,,,A,319.7,18.4,A,425.5,15.3,472.2
45,SE6_00015,A,2016.05.31,2016.06.03,2016.07.05,,A,1.16,0.2,100.0,1.98,0.45,,,A,321.2,18.5,A,425.5,15.5,472.3
46,SE6_00016,A,2016.05.31,2016.06.03,2016.07.05,,A,1.15,0.22,100.0,1.89,0.59,,,A,321.0,18.7,A,425.5,15.5,472.2
47,SE6_00017,A,2016.05.31,2016.06.03,2016.07.05,,A,1.48,0.23,100.0,2.14,0.68,,,A,318.8,18.9,A,425.5,15.5,472.3
48,SE6_00018,A,2016.05.31,2016.06.03,2016.07.05,,A,1.46,0.25,100.0,2.1,0.63,,,A,320.6,18.9,A,425.5,15.6,472.3
49,SE6_00019,A,2016.05.31,2016.06.03,2016.07.05,,A,1.24,0.19,100.0,1.68,0.69,,,A,320.2,18.9,A,425.5,15.5,472.3
50,SE6_00020,A,2016.05.31,2016.06.03,2016.07.05,,A,1.21,0.24,100.0,1.84,0.38,,,A,321.1,19.1,A,425.5,15.8,472.3
51,SE6_00021,A,2016.05.31,2016.06.03,2016.07.05,,A,1.2,0.2,100.0,1.87,0.59,,,A,320.5,19.2,A,425.5,15.7,472.3
52,SE6_00022,A,2016.05.31,2016.06.03,2016.07.05,,A,1.22,0.23,100.0,3.63,0.56,,,A,321.1,19.2,A,425.6,15.8,472.4
53,SE6_00023,A,2016.05.31,2016.06.03,2016.06.23,,A,1.22,0.18,100.0,1.97,0.75,,,A,321.0,19.1,A,425.4,15.8,472.2
54,SE6_00024,A,2016.05.31,2016.06.03,2016.06.23,,A,1.18,0.2,100.0,1.93,0.7,,,A,321.8,19.2,A,425.4,15.9,472.2
55,SE6_00025,A,2016.05.31,2016.06.03,2016.06.23,,A,1.18,0.2,100.0,1.93,0.63,,,A,319.7,18.8,A,425.4,15.6,472.2
56,SE6_00026,A,2016.05.31,2016.06.03,2016.06.23,,A,1.17,0.17,100.0,1.79,0.65,,,A,321.6,19.2,A,425.4,15.9,472.2
57,SE6_00027,A,2016.05.31,2016.06.03,2016.06.23,,A,1.15,0.18,100.0,1.88,0.65,,,A,318.8,18.8,A,425.5,15.5,472.2
58,SE6_00028,A,2016.05.31,2016.06.03,2016.06.23,,A,1.19,0.22,100.0,2.2,0.62,,,A,321.6,19.4,A,425.4,15.9,472.2
59,SE6_00029,A,2016.05.31,2016.06.03,2016.06.23,,A,1.22,0.18,100.0,1.66,0.69,,,A,319.1,19.2,A,425.4,15.7,472.2
60,SE6_00030,A,2016.05.31,2016.06.03,2016.06.23,,A,1.18,0.16,100.0,1.8,0.75,,,A,318.7,19.6,A,425.4,15.7,472.2
61,SE6_00031,A,2016.05.31,2016.06.03,2016.06.22,,A,1.16,0.17,100.0,1.92,0.48,,,A,315.2,18.0,A,425.6,15.1,472.3
62,SE6_00032,A,2016.05.31,2016.06.03,2016.06.22,,A,1.26,0.2,100.0,1.94,0.41,,,A,319.5,18.5,A,425.7,15.4,472.4
63,SE6_00033,A,2016.05.31,2016.06.03,2016.06.22,,A,1.22,0.2,100.0,1.93,0.65,,,A,319.8,18.0,A,425.6,15.2,472.3
64,SE6_00034,A,2016.05.31,2016.06.03,2016.06.22,,A,1.13,0.18,100.0,2.05,0.7,,,A,319.6,18.1,A,425.7,15.2,472.4
65,SE6_00035,A,2016.05.31,2016.06.03,2016.06.22,,A,1.14,0.16,100.0,1.68,0.66,,,A,321.6,19.2,A,425.6,15.7,472.4
66,SE6_00036,A,2016.05.31,2016.06.03,2016.06.22,,A,1.16,0.16,100.0,1.94,0.68,,,A,320.6,18.7,A,425.6,15.5,472.4
67,SE6_00037,A,2016.05.31,2016.06.03,2016.06.22,,A,1.15,0.17,100.0,1.91,0.65,,,A,318.4,18.5,A,425.6,15.3,472.4
68,SE6_00038,A,2016.05.31,2016.06.03,2016.06.22,,A,1.32,0.16,100.0,2.38,0.8,,,A,320.5,19.1,A,425.6,15.7,472.4
69,SE6_00039,A,2016.05.31,2016.06.03,2016.06.22,,A,1.26,0.22,100.0,2.52,0.59,,,A,320.5,19.1,A,425.6,15.8,472.4
70,SE6_00040,A,2016.05.31,2016.06.03,2016.06.22,,A,1.14,0.18,100.0,1.7,0.7,,,A,320.6,18.9,A,425.5,15.7,0.0
71,SE6_00041,A,2016.05.31,2016.06.03,2016.06.22,,A,1.14,0.15,100.0,1.47,0.69,,,A,318.3,18.4,A,425.6,15.4,472.4
72,SE6_00042,A,2016.05.31,2016.06.03,2016.06.22,,A,1.16,0.16,100.0,1.92,0.73,,,A,320.4,18.5,A,425.6,15.6,472.4
73,SE6_00043,A,2016.05.31,2016.06.03,2016.06.22,,A,1.17,0.18,100.0,1.71,0.73,,,A,319.7,18.3,A,425.6,15.5,472.4
74,SE6_00044,B,2016.05.31,2016.06.03,2016.06.22,,A,1.11,0.18,100.0,1.73,0.63,,,A,317.4,18.0,A,425.7,15.3,472.4
75,SE6_00045,A,2016.05.31,2016.06.03,2016.06.22,,A,1.11,0.19,100.0,2.17,0.63,,,A,318.5,19.1,A,425.1,15.7,471.5
76,SE6_00046,A,2016.05.31,2016.06.03,2016.06.22,,A,1.11,0.14,100.0,1.57,0.64,,,A,318.3,18.1,A,425.7,15.2,472.4
77,SE6_00047,A,2016.05.31,2016.06.03,2016.06.20,,A,1.06,0.18,100.0,1.7,0.4,,,A,319.2,18.4,A,425.6,15.4,472.3
78,SE6_00048,A,2016.05.31,2016.06.03,2016.06.20,,A,1.06,0.21,100.0,1.71,0.35,,,A,319.4,18.5,A,425.6,15.4,472.3
79,SE6_00049,A,2016.05.31,2016.06.03,2016.06.20,,A,1.04,0.16,100.0,1.62,0.32,,,A,318.4,18.4,A,425.6,15.5,472.3
80,SE6_00050,C,2016.05.31,2016.06.03,2016.06.20,,A,1.07,0.2,100.0,1.84,0.33,,,A,320.0,18.7,A,425.6,15.6,472.4
81,SE6_00051,A,2016.05.31,2016.06.03,2016.06.20,,A,1.15,0.18,100.0,1.81,0.39,,,A,320.1,18.5,A,425.7,15.7,472.4
82,SE6_00052,A,2016.05.31,2016.06.03,2016.06.20,,A,1.22,0.2,100.0,1.74,0.38,,,A,313.6,18.1,A,425.7,15.2,472.4
83,SE6_00053,A,2016.05.31,2016.06.03,2016.06.20,,A,1.24,0.2,100.0,1.88,0.44,,,A,318.4,18.4,A,425.7,15.4,472.4
84,SE6_00054,A,2016.05.31,2016.06.03,2016.06.20,,A,1.15,0.16,100.0,2.08,0.58,,,A,318.9,18.3,A,425.7,15.5,472.4
85,SE6_00055,C,2016.05.31,2016.06.03,2016.06.20,,A,1.47,0.29,100.0,3.97,0.49,,,A,306.1,16.3,A,425.8,14.0,472.4
86,SE6_00056,A,2016.05.31,2016.06.03,2016.06.17,,A,1.55,0.25,100.0,3.02,1.09,,,A,290.1,15.4,A,425.7,13.1,472.3
87,SE6_00057,A,2016.05.31,2016.06.03,2016.06.03,2016.06.05,B,1.49,0.28,98.9,2.77,0.88,,,A,289.6,15.9,A,425.7,13.3,472.3
88,SE6_00058,A,2016.05.31,2016.06.03,2016.06.03,2016.06.05,A,1.4,0.24,100.0,2.49,0.87,,,A,292.9,16.3,A,425.7,13.5,472.2
89,SE6_00059,A,2016.05.31,2016.06.03,2016.06.03,2016.06.05,A,1.4,0.23,100.0,2.25,0.77,,,A,297.2,16.6,A,425.7,13.8,472.2
90,SE6_00060,A,2016.05.31,2016.06.03,2016.06.03,2016.06.05,A,1.38,0.24,100.0,2.26,0.81,,,A,298.7,17.0,A,425.7,13.8,472.3
91,SE6_00061,B,2016.05.31,2016.06.03,2016.06.17,,A,1.22,0.2,100.0,1.99,0.79,,,A,302.6,17.3,A,425.6,14.1,472.3
92,SE6_00062,B,2016.05.31,2016.06.03,2016.06.17,,A,1.28,0.2,100.0,3.35,0.78,,,A,305.7,17.3,A,425.8,14.3,472.4
93,SE6_00063,B,2016.05.31,2016.06.03,2016.06.17,,B,1.41,0.37,98.9,2.7,0.8,,,A,301.5,17.2,A,425.8,13.8,472.4
94,SE6_00064,B,2016.05.31,2016.06.03,2016.06.16,,B,1.46,0.42,98.5,4.85,0.9,,,A,303.7,17.1,A,425.7,14.0,472.3
95,SE6_00065,B,2016.05.31,2016.06.03,2016.06.16,,A,1.25,0.29,99.5,3.22,0.82,,,A,305.5,17.3,A,425.7,14.1,472.3
96,SE6_00066,B,2016.05.31,2016.06.03,2016.06.16,,A,1.2,0.27,100.0,3.18,0.77,,,A,307.3,17.6,A,425.6,14.2,472.3
97,SE6_00067,B,2016.05.31,2016.06.03,2016.06.16,,A,1.33,0.42,99.0,2.68,0.62,,,A,308.1,17.4,A,425.6,14.2,472.2
98,SE6_00068,B,2016.05.31,2016.06.03,2016.06.16,,B,1.31,0.44,98.4,5.47,0.68,,,A,310.8,18.0,A,425.7,14.5,472.3
99,SE6_00069,B,2016.05.31,2016.06.03,2016.06.16,,B,1.34,0.47,97.0,3.34,0.71,,,A,313.4,18.0,A,425.6,14.8,472.3
100,SE6_00070,B,2016.05.31,2016.06.03,2016.06.16,,A,1.28,0.42,99.0,2.61,0.72,,,A,313.1,17.7,A,425.7,14.6,472.4
101,SE6_00071,B,2016.05.31,2016.06.03,2016.06.16,,A,1.2,0.4,99.5,3.19,0.62,,,A,310.9,18.6,A,425.6,15.9,472.3
102,SE6_00072,B,2016.05.31,2016.06.03,2016.06.16,,B,1.35,0.48,98.0,3.29,0.71,,,A,313.8,17.9,A,425.6,14.6,472.4
103,SE6_00073,B,2016.05.31,2016.06.03,2016.06.15,,A,1.29,0.42,99.4,2.7,0.65,,,A,312.1,17.6,A,425.7,14.5,472.4
104,SE6_00074,C,2016.05.31,2016.06.03,2016.06.15,,C,1.37,0.54,94.5,3.4,0.82,,,A,311.6,17.5,A,425.6,14.4,472.3
105,SE6_00075,B,2016.05.31,2016.06.03,2016.06.15,,A,1.28,0.43,100.0,3.07,0.82,,,A,313.6,17.6,A,425.7,14.5,472.3
106,SE6_00076,B,2016.05.31,2016.06.03,2016.06.15,,A,1.16,0.3,100.0,2.33,0.67,,,A,317.6,18.2,A,425.6,15.1,472.3
107,SE6_00077,B,2016.05.31,2016.06.03,2016.06.03,,A,0.9,0.18,100.0,1.66,0.58,,,A,319.9,19.2,A,425.5,15.7,472.2
108,SE6_00078,B,2016.05.31,2016.06.03,2016.06.03,,A,1.1,0.17,100.0,2.03,0.72,,,A,302.8,17.5,A,425.5,15.7,472.4
109,SE6_00079,A,2016.05.31,2016.06.03,2016.06.03,2016.06.05,A,1.2,0.24,100.0,2.28,0.81,,,A,288.4,14.4,A,425.7,12.5,472.2
110,SE6_00080,A,2016.05.31,2016.06.03,2016.06.03,2016.06.05,A,1.07,0.23,100.0,152.95,0.69,,,A,288.3,14.9,A,425.7,12.6,472.3
111,SE6_00081,A,2016.05.31,2016.06.03,2016.06.03,2016.06.05,A,1.05,0.25,100.0,201.1,0.64,,,A,290.8,15.4,A,425.7,12.9,472.2
112,SE6_00082,A,2016.05.31,2016.06.03,2016.06.03,2016.06.05,A,1.06,0.22,100.0,1.94,0.66,,,A,295.2,15.9,A,425.7,13.1,472.3
113,SE6_00083,A,2016.05.31,2016.06.03,2016.06.03,2016.06.05,A,0.98,0.2,100.0,1.95,0.63,,,A,296.4,15.8,A,425.7,13.3,472.3
114,SE6_00084,B,2016.05.31,2016.06.03,2016.06.03,,A,0.97,0.17,100.0,2.0,0.62,,,A,297.3,15.9,A,425.7,13.3,472.4
115,SE6_00085,A,2016.05.31,2016.06.03,2016.06.03,2016.06.05,A,1.04,0.23,100.0,1.85,0.65,,,A,298.4,16.2,A,425.7,13.4,472.4
116,LS8_00001,B,2016.06.01,2016.06.03,2016.06.15,,B,1.63,0.34,98.1,3.35,1.04,,,A,309.6,17.4,A,450.7,14.3,0.0
117,LS8_00002,B,2016.06.01,2016.06.03,2016.06.15,,B,1.76,0.36,96.9,8.57,1.18,,,A,283.5,15.4,A,451.0,13.0,0.0
118,LS8_00003,,2016.06.01,2016.06.03,2016.06.03,2016.06.04,A,1.38,0.23,99.7,2.89,0.97,,,A,289.8,16.0,A,450.8,13.2,0.0
119,LS8_00004,,2016.06.01,2016.06.03,2016.06.03,2016.06.04,A,1.39,0.27,100.0,3.01,0.96,,,A,297.9,16.7,A,450.8,13.5,0.0
120,LS8_00005,,2016.06.01,2016.06.03,2016.06.03,2016.06.04,A,1.37,0.31,99.4,2.83,0.88,,,A,301.4,18.3,A,450.8,13.8,0.0
121,LS8_00006,,2016.06.01,2016.06.03,2016.06.03,2016.06.04,A,1.2,0.24,100.0,2.25,0.73,,,A,302.8,18.0,A,450.8,13.7,0.0
122,LS8_00007,,2016.06.01,2016.06.03,2016.06.03,2016.06.04,A,1.3,0.26,100.0,2.36,0.79,,,A,300.0,17.5,A,450.8,14.1,0.0
123,LS8_00008,,2016.06.01,2016.06.03,2016.06.03,2016.06.04,A,1.23,0.24,100.0,2.51,0.84,,,A,303.2,18.0,A,450.8,14.1,0.0
124,LS8_00009,,2016.06.01,2016.06.03,2016.06.03,2016.06.04,A,1.17,0.24,100.0,2.45,0.75,,,A,311.3,18.4,A,450.8,14.3,0.0
125,LS8_00010,,2016.06.01,2016.06.03,2016.06.03,2016.06.04,A,1.16,0.26,100.0,2.53,0.73,,,A,314.7,18.9,A,450.8,14.4,0.0
126,LS8_00011,,2016.06.01,2016.06.03,2016.06.03,2016.06.04,A,1.12,0.22,100.0,2.09,0.78,,,A,316.6,18.9,A,450.8,14.6,0.0
127,LS8_00012,,2016.06.01,2016.06.03,2016.06.03,2016.06.04,A,1.35,0.33,99.1,3.41,0.83,,,A,319.5,18.9,A,450.8,14.7,0.0
128,LS7_00011,A,2016.05.19,2016.05.21,2016.05.22,2016.05.24,A,1.18,0.13,100.0,1.83,0.1,,,A,308.4,16.6,A,450.4,13.2,0.0
129,LS7_00012,A,2016.05.19,2016.05.21,2016.05.22,2016.05.24,A,1.18,0.15,100.0,1.76,0.1,,,A,307.9,16.3,A,450.4,13.2,0.0
130,LS7_00013,A,2016.05.19,2016.05.21,2016.05.22,2016.05.24,A,1.18,0.14,100.0,2.22,0.1,,,A,311.0,16.0,A,450.4,13.2,0.0
131,LS7_00014,A,2016.05.19,2016.05.21,2016.05.22,2016.05.24,A,1.13,0.13,100.0,1.57,0.1,,,A,310.6,16.0,A,450.4,13.2,0.0
132,LS7_00015,A,2016.05.19,2016.05.21,2016.05.22,2016.05.24,A,1.16,0.13,100.0,1.86,0.1,,,A,311.7,16.4,A,450.4,13.2,0.0
133,LS7_00016,A,2016.05.19,2016.05.21,2016.05.22,2016.05.24,A,1.17,0.13,100.0,1.98,0.1,,,A,312.2,16.2,A,450.4,13.3,0.0
134,LS7_00017,A,2016.05.19,2016.05.21,2016.05.22,2016.05.24,A,1.15,0.13,100.0,1.51,0.1,,,A,312.0,16.1,A,450.4,13.2,0.0
135,LS7_00018,A,2016.05.19,2016.05.21,2016.05.22,2016.05.24,A,1.17,0.14,100.0,2.1,0.1,,,A,313.0,16.1,A,450.4,13.3,0.0
136,LS7_00019,A,2016.05.19,2016.05.21,2016.05.22,2016.05.24,A,1.15,0.13,100.0,1.6,0.1,,,A,313.0,16.1,A,450.4,12.9,0.0
137,LS7_00020,A,2016.05.19,2016.05.21,2016.05.22,2016.05.24,A,1.15,0.16,99.6,2.93,0.1,,,A,312.9,16.2,A,450.4,13.2,0.0
138,LS7_00050,A,2016.05.19,2016.05.21,2016.08.06,,A,1.15,0.18,100.0,1.77,0.67,,,A,314.7,17.2,A,450.4,14.2,0.0
139,LS7_00051,A,2016.05.19,2016.05.21,2016.08.06,,A,1.16,0.17,100.0,1.7,0.68,,,A,314.6,17.3,A,450.4,14.3,0.0
140,LS7_00052,A,2016.05.19,2016.05.21,2016.08.06,,A,1.15,0.17,100.0,1.78,0.67,,,A,314.5,17.2,A,450.3,14.2,0.0
141,LS7_00053,A,2016.05.19,2016.05.21,2016.08.06,,A,1.16,0.18,100.0,1.78,0.61,,,A,313.9,17.2,A,450.3,14.1,0.0
142,LS7_00054,A,2016.05.19,2016.05.21,2016.08.06,,A,1.16,0.2,100.0,1.76,0.69,,,A,312.8,17.0,A,450.4,14.1,0.0
143,LS7_00055,A,2016.05.19,2016.05.21,2016.08.06,,A,1.08,0.11,100.0,1.52,0.77,,,A,314.7,17.1,A,450.3,14.2,0.0
144,LS7_00056,A,2016.05.19,2016.05.21,2016.08.06,,A,1.07,0.13,100.0,1.59,0.62,,,A,315.0,17.2,A,450.4,14.2,0.0
145,LS7_00057,A,2016.05.19,2016.05.21,2016.08.06,,A,1.09,0.15,100.0,1.64,0.63,,,A,315.5,17.4,A,450.4,14.3,0.0
146,LS7_00058,A,2016.05.19,2016.05.21,2016.08.06,,A,1.12,0.15,100.0,1.63,0.67,,,A,316.0,17.2,A,450.3,14.3,0.0
147,LS7_00059,A,2016.05.19,2016.05.21,2016.08.06,,A,1.1,0.14,100.0,1.77,0.7,,,A,315.6,17.4,A,450.4,14.3,0.0
148,LS7_00060,A,2016.05.19,2016.05.21,2016.08.06,,A,1.1,0.15,100.0,1.68,0.73,,,A,315.6,17.4,A,450.3,14.3,0.0
149,LS7_00061,A,2016.05.19,2016.05.21,2016.08.06,,A,1.14,0.2,100.0,2.17,0.65,,,A,315.2,17.3,A,450.3,14.3,0.0
150,LS7_00062,A,2016.05.19,2016.05.21,2016.08.06,,A,1.16,0.18,100.0,2.16,0.71,,,A,315.6,17.7,A,450.4,14.4,0.0
151,LS7_00063,A,2016.05.19,2016.05.21,2016.08.05,,A,1.19,0.2,99.7,2.71,0.77,,,A,315.8,17.4,A,450.3,14.3,0.0
152,LS7_00064,A,2016.05.19,2016.05.21,2016.08.05,,A,1.16,0.17,100.0,1.85,0.8,,,A,313.2,17.7,A,450.5,14.2,0.0
153,LS7_00065,A,2016.05.19,2016.05.21,2016.08.05,,A,1.12,0.17,100.0,1.72,0.67,,,A,312.8,17.3,A,450.3,14.1,0.0
154,LS7_00066,A,2016.05.19,2016.05.21,2016.08.05,,A,1.2,0.2,100.0,1.87,0.72,,,A,314.5,17.4,A,450.3,14.3,0.0
155,LS7_00068,A,2016.05.19,2016.05.21,2016.08.05,,A,1.23,0.18,100.0,1.9,0.91,,,A,315.8,17.9,A,450.4,14.5,0.0
156,LS7_00069,A,2016.05.19,2016.05.21,2016.08.05,,A,1.25,0.18,100.0,1.93,0.75,,,A,318.6,16.7,A,450.5,13.6,0.0
157,LS7_00070,A,2016.05.19,2016.05.21,2016.08.04,,A,1.24,0.21,100.0,2.33,0.72,,,A,314.9,17.5,A,450.4,14.3,0.0
158,LS7_00071,A,2016.05.19,2016.05.21,2016.08.04,,A,1.25,0.19,100.0,2.01,0.93,,,A,316.6,17.7,A,450.4,14.5,0.0
159,LS7_00072,A,2016.05.19,2016.05.21,2016.08.04,,A,1.24,0.19,100.0,2.26,0.8,,,A,318.3,17.5,A,450.4,14.5,0.0
160,LS7_00073,A,2016.05.19,2016.05.21,2016.08.04,,A,1.24,0.21,100.0,2.03,0.73,,,A,315.3,17.7,A,450.5,14.4,0.0
161,LS7_00074,A,2016.05.19,2016.05.21,2016.08.04,,A,1.19,0.22,100.0,1.97,0.75,,,A,317.4,17.7,A,450.5,14.5,0.0
162,LS7_00075,A,2016.05.19,2016.05.21,2016.08.04,,A,1.24,0.2,100.0,2.06,0.84,,,A,316.9,17.6,A,450.4,14.4,0.0
163,LS7_00076,A,2016.05.19,2016.05.21,2016.08.03,,A,1.22,0.22,100.0,2.18,0.77,,,A,315.0,17.5,A,450.4,14.4,0.0
164,LS7_00077,A,2016.05.19,2016.05.21,2016.08.03,,A,1.13,0.17,100.0,1.75,0.71,,,A,314.2,17.8,A,450.5,14.4,0.0
165,LS7_00078,A,2016.05.19,2016.05.21,2016.08.03,,A,1.17,0.18,100.0,1.84,0.72,,,A,315.4,16.9,A,450.5,13.5,0.0
166,LS7_00079,A,2016.05.19,2016.05.21,2016.08.03,,A,1.2,0.17,100.0,1.93,0.71,,,A,316.4,16.5,A,450.5,13.5,0.0
167,LS7_00080,A,2016.05.19,2016.05.21,2016.08.03,,A,1.26,0.15,100.0,1.86,0.76,,,A,317.7,16.7,A,450.4,13.6,0.0
168,LS7_00081,A,2016.05.19,2016.05.21,2016.08.03,,A,1.21,0.14,100.0,1.77,0.82,,,A,316.9,17.7,A,450.4,14.5,0.0
169,LS7_00082,A,2016.05.19,2016.05.21,2016.08.03,,A,1.25,0.16,100.0,1.8,0.77,,,A,317.8,17.9,A,450.4,14.7,0.0
170,LS7_00083,A,2016.05.19,2016.05.21,2016.08.03,,A,1.25,0.18,100.0,1.84,0.8,,,A,317.2,17.8,A,450.5,14.5,0.0
171,LS7_00084,A,2016.05.19,2016.05.21,2016.08.03,,A,1.26,0.17,100.0,1.92,0.77,,,A,317.5,18.0,A,450.4,14.6,0.0
172,LS7_00085,A,2016.05.19,2016.05.21,2016.08.03,,A,1.3,0.16,100.0,2.03,0.88,,,A,319.5,16.7,A,450.7,13.4,0.0
173,LS6_00001,A,2016.05.18,2016.05.21,2016.05.21,,A,1.38,0.22,100.0,2.2,0.76,,,A,305.0,16.1,A,450.6,13.5,0.0
174,LS6_00002,A,2016.05.18,2016.05.21,2016.05.21,,A,1.21,0.22,100.0,2.36,0.76,,,A,294.8,15.0,A,450.7,12.8,0.0
175,LS6_00003,A,2016.05.18,2016.05.21,2016.05.21,,A,1.15,0.19,100.0,3.19,0.75,,,A,292.0,15.1,A,450.7,12.8,0.0
176,LS6_00004,A,2016.05.18,2016.05.21,2016.05.21,,A,1.15,0.2,100.0,1.85,0.67,,,A,293.1,15.3,A,450.7,12.9,0.0
177,LS6_00005,A,2016.05.18,2016.05.21,2016.05.21,,A,1.22,0.25,99.6,2.62,0.68,,,A,295.9,15.1,A,450.7,12.9,0.0
178,LS6_00006,A,2016.05.18,2016.05.21,2016.05.21,,A,1.16,0.19,99.6,2.62,0.68,,,A,297.9,15.2,A,450.7,13.0,0.0
179,LS6_00007,A,2016.05.18,2016.05.21,2016.05.21,,A,1.2,0.24,99.3,2.87,0.8,,,A,299.6,15.2,A,450.7,13.0,0.0
180,LS6_00008,A,2016.05.18,2016.05.21,2016.05.21,,A,1.43,0.22,100.0,2.51,0.95,,,A,308.2,15.2,A,450.7,13.2,0.0
181,LS6_00009,A,2016.05.18,2016.05.21,2016.05.21,,A,1.13,0.22,100.0,2.44,0.71,,,A,299.6,15.6,A,450.7,13.0,0.0
182,LS6_00010,A,2016.05.18,2016.05.21,2016.05.21,,A,1.19,0.19,100.0,3.15,0.75,,,A,302.5,15.5,A,450.7,13.0,0.0
183,LS6_00011,A,2016.05.18,2016.05.21,2016.05.21,2016.05.24,A,1.14,0.19,99.6,3.14,0.1,,,A,303.8,15.3,A,450.7,13.1,0.0
184,LS6_00012,A,2016.05.18,2016.05.21,2016.05.21,2016.05.24,A,1.16,0.13,100.0,2.38,0.1,,,A,306.4,15.6,A,450.6,13.1,0.0
185,LS6_00013,A,2016.05.18,2016.05.21,2016.05.21,2016.05.24,A,1.15,0.13,100.0,3.13,0.1,,,A,305.6,15.5,A,450.7,13.2,0.0
186,LS6_00014,A,2016.05.18,2016.05.21,2016.05.21,2016.05.24,A,1.16,0.14,100.0,2.0,0.1,,,A,306.7,15.3,A,450.7,13.1,0.0
187,LS6_00015,A,2016.05.18,2016.05.21,2016.05.21,2016.05.24,A,1.15,0.13,100.0,1.76,0.1,,,A,308.4,15.5,A,450.6,13.2,0.0
188,LS6_00016,A,2016.05.18,2016.05.21,2016.05.21,2016.05.24,A,1.17,0.14,100.0,1.99,0.1,,,A,307.3,16.0,A,450.7,13.2,0.0
189,LS6_00017,A,2016.05.18,2016.05.21,2016.05.21,2016.05.24,A,1.17,0.15,100.0,1.95,0.1,,,A,308.7,15.8,A,450.6,13.2,0.0
190,LS6_00018,A,2016.05.18,2016.05.21,2016.05.21,2016.05.24,A,1.13,0.13,100.0,1.99,0.1,,,A,306.4,15.5,A,450.6,13.1,0.0
191,LS6_00019,A,2016.05.18,2016.05.21,2016.05.21,2016.05.24,A,1.19,0.13,100.0,2.12,0.1,,,A,309.7,15.7,A,450.6,13.2,0.0
192,LS6_00033,A,2016.05.18,2016.05.21,2016.06.02,,A,1.21,0.15,100.0,1.95,0.8,,,A,312.4,15.8,A,450.6,13.2,0.0
193,LS6_00034,A,2016.05.18,2016.05.21,2016.06.02,,A,1.19,0.17,100.0,1.92,0.78,,,A,312.0,15.8,A,450.4,13.4,0.0
194,LS6_00035,A,2016.05.18,2016.05.21,2016.06.02,,A,1.24,0.15,100.0,2.02,0.81,,,A,311.1,16.1,A,450.6,13.3,0.0
195,LS6_00036,A,2016.05.18,2016.05.21,2016.06.02,,A,1.28,0.19,100.0,2.49,0.83,,,A,312.4,16.0,A,450.7,13.2,0.0
196,LS6_00037,A,2016.05.18,2016.05.21,2016.06.02,,A,1.32,0.18,100.0,2.19,0.9,,,A,314.4,15.7,A,450.6,13.2,0.0
197,LS6_00038,A,2016.05.18,2016.05.21,2016.06.02,,A,1.35,0.27,99.6,2.71,0.79,,,A,312.8,15.6,A,450.7,13.2,0.0
198,LS6_00039,A,2016.05.18,2016.05.21,2016.06.02,,A,1.33,0.21,100.0,2.48,0.89,,,A,312.3,16.0,A,450.7,13.2,0.0
199,LS6_00040,A,2016.05.18,2016.05.21,2016.06.02,,A,1.49,0.24,99.0,2.89,0.96,,,A,317.6,15.9,A,450.6,13.3,0.0
200,LS6_00041,A,2016.05.18,2016.05.21,2016.05.24,,A,1.35,0.17,100.0,2.23,0.1,,,A,313.8,15.7,A,450.6,13.2,0.0
201,LS6_00042,A,2016.05.18,2016.05.21,2016.05.24,,A,1.35,0.15,100.0,2.13,0.1,,,A,312.9,15.8,A,450.6,13.3,0.0
202,LS6_00043,A,2016.05.18,2016.05.21,2016.05.24,,A,1.36,0.23,100.0,2.54,0.1,,,A,313.0,15.7,A,450.5,13.2,0.0
203,LS6_00044,B,2016.05.18,2016.05.21,2016.05.24,,B,1.82,0.23,99.3,3.26,0.1,,,A,327.1,15.9,A,450.5,13.4,0.0
204,LS6_00045,A,2016.05.18,2016.05.21,2016.05.24,,A,1.26,0.19,100.0,2.17,0.1,,,A,310.2,15.3,A,450.6,13.1,0.0
205,LS6_00046,B,2016.05.18,2016.05.21,2016.05.24,,B,1.37,0.27,98.6,2.82,0.1,,,A,312.3,16.0,A,450.6,13.1,0.0
206,LS6_00047,A,2016.05.18,2016.05.21,2016.05.24,,A,1.39,0.28,99.3,2.95,0.1,,,A,313.8,16.0,A,450.6,13.2,0.0
207,LS6_00048,A,2016.05.18,2016.05.21,2016.05.24,,A,1.41,0.23,99.3,2.93,0.1,,,A,314.1,16.3,A,450.6,13.3,0.0
208,LS6_00049,A,2016.05.18,2016.05.21,2016.05.24,,A,1.45,0.26,99.0,2.76,0.1,,,A,315.6,16.2,A,450.6,13.3,0.0
209,LS6_00050,A,2016.05.18,2016.05.21,2016.05.24,,A,1.34,0.21,100.0,2.54,0.1,,,A,312.9,16.1,A,450.6,13.2,0.0
210,LS6_00051,A,2016.05.18,2016.05.21,2016.05.24,,A,1.37,0.24,100.0,2.48,0.1,,,A,314.2,15.8,A,450.5,13.2,0.0
211,LS6_00052,A,2016.05.18,2016.05.21,2016.05.24,,A,1.35,0.25,99.0,2.84,0.1,,,A,313.8,15.8,A,450.6,13.2,0.0
212,LS6_00053,A,2016.05.18,2016.05.21,2016.05.24,,A,1.34,0.22,100.0,2.35,0.1,,,A,315.0,15.9,A,450.6,13.3,0.0
213,LS6_00054,A,2016.05.18,2016.05.21,2016.05.24,,A,1.36,0.23,99.3,2.87,0.1,,,A,314.8,15.7,A,450.5,13.3,0.0
214,LS6_00055,A,2016.05.18,2016.05.21,2016.05.24,,A,1.32,0.2,100.0,2.54,0.1,,,A,313.7,15.9,A,450.6,13.2,0.0
215,LS6_00056,A,2016.05.18,2016.05.21,2016.05.24,,A,1.33,0.21,100.0,2.55,0.1,,,A,314.3,15.8,A,450.5,13.3,0.0
216,LS6_00057,A,2016.05.18,2016.05.21,2016.05.24,,A,1.3,0.21,100.0,2.45,0.1,,,A,314.4,16.0,A,450.5,13.3,0.0
217,LS6_00058,A,2016.05.18,2016.05.21,2016.05.24,,A,1.29,0.18,99.3,2.18,0.1,,,A,314.1,16.0,A,450.5,13.4,0.0
218,LS6_00059,A,2016.05.18,2016.05.21,2016.05.24,,A,1.28,0.18,100.0,2.18,0.1,,,A,314.0,15.8,A,450.5,13.3,0.0
219,LS6_00060,A,2016.05.18,2016.05.21,2016.05.24,,A,1.26,0.17,99.6,2.3,0.1,,,A,315.3,15.6,A,450.6,13.3,0.0
220,LS6_00061,A,2016.05.18,2016.05.21,2016.05.24,,A,1.22,0.13,100.0,1.9,0.1,,,A,314.2,15.9,A,450.5,13.3,0.0
221,LS6_00062,A,2016.05.18,2016.05.21,2016.05.24,,A,1.27,0.2,100.0,2.55,0.1,,,A,314.1,15.8,A,450.6,13.2,0.0
222,LS6_00063,A,2016.05.18,2016.05.21,2016.05.24,,A,1.26,0.19,100.0,2.15,0.1,,,A,313.2,15.9,A,450.5,13.3,0.0
223,LS6_00064,A,2016.05.18,2016.05.21,2016.05.24,,A,1.28,0.21,100.0,2.49,0.1,,,A,314.1,16.1,A,450.6,13.4,0.0
224,LS6_00065,A,2016.05.18,2016.05.21,2016.05.24,,A,1.29,0.21,100.0,2.52,0.1,,,A,313.9,16.1,A,450.6,13.3,0.0
225,LS6_00066,A,2016.05.18,2016.05.21,2016.05.24,,A,1.29,0.26,99.6,2.68,0.1,,,A,315.0,15.8,A,450.5,13.3,0.0
226,LS6_00067,A,2016.05.18,2016.05.21,2016.05.24,,A,1.25,0.2,100.0,2.39,0.1,,,A,314.2,16.1,A,450.5,13.3,0.0
227,LS6_00068,A,2016.05.18,2016.05.21,2016.05.24,,A,1.22,0.21,99.6,2.77,0.1,,,A,313.9,16.0,A,450.5,13.3,0.0
228,LS6_00069,A,2016.05.18,2016.05.21,2016.05.24,,A,1.24,0.19,100.0,2.46,0.1,,,A,314.0,15.7,A,450.5,13.3,0.0
229,LS6_00070,A,2016.05.18,2016.05.21,2016.05.24,,A,1.22,0.22,99.6,3.4,0.1,,,A,312.8,16.1,A,450.5,13.4,0.0
230,LS6_00071,A,2016.05.18,2016.05.21,2016.05.24,,A,1.22,0.16,100.0,2.24,0.1,,,A,314.6,15.8,A,450.5,13.1,0.0
231,LS6_00072,A,2016.05.18,2016.05.21,2016.05.24,,A,1.19,0.19,100.0,2.08,0.1,,,A,312.2,16.4,A,450.5,13.7,0.0
232,LS6_00073,A,2016.05.18,2016.05.21,2016.05.24,,A,1.23,0.22,99.6,2.84,0.1,,,A,313.4,15.9,A,450.5,13.3,0.0
233,LS6_00074,A,2016.05.18,2016.05.21,2016.05.24,,A,1.25,0.15,100.0,1.98,0.1,,,A,313.6,16.2,A,450.6,13.3,0.0
234,LS6_00075,A,2016.05.18,2016.05.21,2016.05.24,,A,1.25,0.13,100.0,2.26,0.1,,,A,315.9,15.7,A,450.6,13.4,0.0
235,LS6_00076,A,2016.05.18,2016.05.21,2016.05.24,,A,1.28,0.16,100.0,2.38,0.1,,,A,315.0,16.0,A,450.6,13.4,0.0
236,LS6_00077,A,2016.05.18,2016.05.21,2016.05.23,,A,1.22,0.13,100.0,1.98,0.1,,,A,315.1,15.3,A,450.6,13.0,0.0
237,LS6_00078,A,2016.05.18,2016.05.21,2016.05.23,,A,1.22,0.18,99.6,2.77,0.1,,,A,314.5,16.0,A,450.6,13.3,0.0
238,LS6_00079,A,2016.05.18,2016.05.21,2016.05.23,,A,1.22,0.2,99.6,3.14,0.1,,,A,314.2,16.2,A,450.6,13.4,0.0
239,LS6_00080,A,2016.05.18,2016.05.21,2016.05.23,,A,1.21,0.13,100.0,1.75,0.1,,,A,313.4,16.5,A,450.5,13.5,0.0
240,LS6_00081,A,2016.05.18,2016.05.21,2016.05.23,,A,1.2,0.15,100.0,1.95,0.1,,,A,313.7,16.2,A,450.6,13.3,0.0
241,LS6_00082,A,2016.05.18,2016.05.21,2016.05.23,,A,1.21,0.15,100.0,2.71,0.1,,,A,313.9,15.7,A,450.6,13.3,0.0
242,LS6_00083,A,2016.05.18,2016.05.21,2016.05.23,,A,1.18,0.13,100.0,2.06,0.1,,,A,313.5,15.7,A,450.6,13.3,0.0
243,LS6_00084,A,2016.05.18,2016.05.21,2016.05.23,,A,1.21,0.15,100.0,2.17,0.1,,,A,313.8,16.1,A,450.6,13.3,0.0
244,LS6_00085,A,2016.05.18,2016.05.21,2016.05.23,,A,1.21,0.17,99.3,2.44,0.1,,,A,315.5,16.0,A,450.6,13.4,0.0
245,LE7_00011,A,2016.05.19,2016.05.21,2016.05.22,2016.05.24,A,1.09,0.16,100.0,1.8,0.1,,,A,314.7,16.1,A,450.5,13.2,480.1
246,LE7_00012,A,2016.05.19,2016.05.21,2016.05.22,2016.05.24,A,1.06,0.13,100.0,1.71,0.1,,,A,313.8,16.0,A,450.5,13.1,480.0
247,LE7_00013,A,2016.05.19,2016.05.21,2016.05.22,2016.05.24,A,1.08,0.15,99.6,2.78,0.1,,,A,316.4,15.8,A,450.5,13.2,480.1
248,LE7_00014,A,2016.05.19,2016.05.21,2016.05.22,2016.05.24,A,1.11,0.13,100.0,1.64,0.1,,,A,317.5,16.1,A,450.5,13.3,480.1
249,LE7_00015,A,2016.05.19,2016.05.21,2016.05.22,2016.05.24,A,1.1,0.15,100.0,1.82,0.1,,,A,315.4,15.7,A,450.5,13.2,480.1
250,LE7_00016,A,2016.05.19,2016.05.21,2016.05.22,2016.05.24,A,1.12,0.15,100.0,1.98,0.1,,,A,316.3,16.1,A,450.5,13.2,480.1
251,LE7_00017,A,2016.05.19,2016.05.21,2016.05.22,2016.05.24,A,1.09,0.13,100.0,1.65,0.1,,,A,317.6,15.4,A,450.5,12.9,480.1
252,LE7_00018,A,2016.05.19,2016.05.21,2016.05.22,2016.05.24,A,1.15,0.16,100.0,2.37,0.1,,,A,318.2,15.9,A,450.5,13.3,480.1
253,LE7_00019,A,2016.05.19,2016.05.21,2016.05.22,2016.05.24,A,1.16,0.12,100.0,2.51,0.1,,,A,318.7,16.0,A,450.4,13.2,480.1
254,LE7_00020,A,2016.05.19,2016.05.21,2016.07.12,2016.05.24,A,1.15,0.22,100.0,3.11,0.1,,,A,317.7,16.2,A,450.5,13.3,480.0
255,LE7_00046,A,2016.05.19,2016.05.21,2016.08.02,,A,1.27,0.22,100.0,2.18,0.82,,,A,321.1,16.4,A,450.6,13.4,480.2
256,LE7_00047,A,2016.05.19,2016.05.21,2016.08.02,,A,1.2,0.18,100.0,2.16,0.71,,,A,321.4,16.0,A,450.6,13.4,480.2
257,LE7_00048,A,2016.05.19,2016.05.21,2016.08.02,,A,1.21,0.2,100.0,1.98,0.8,,,A,321.3,16.0,A,450.6,13.4,480.2
258,LE7_00049,A,2016.05.19,2016.05.21,2016.08.02,,A,1.21,0.18,100.0,2.11,0.73,,,A,319.8,16.4,A,450.6,13.3,480.1
259,LE7_00050,A,2016.05.19,2016.05.21,2016.08.02,,A,1.24,0.17,100.0,2.14,0.73,,,A,321.7,15.9,A,450.6,13.4,480.1
260,LE7_00051,A,2016.05.19,2016.05.21,2016.07.27,,A,1.17,0.14,100.0,1.76,0.78,,,A,321.4,15.7,A,450.5,13.3,480.1
261,LE7_00052,A,2016.05.19,2016.05.21,2016.07.27,,A,1.15,0.13,100.0,1.66,0.73,,,A,321.6,15.8,A,450.5,13.4,480.1
262,LE7_00053,A,2016.05.19,2016.05.21,2016.07.27,,A,1.29,0.19,100.0,1.95,0.75,,,A,327.6,16.4,A,450.5,13.6,480.2
263,LE7_00054,A,2016.05.19,2016.05.21,2016.07.26,,A,1.2,0.16,100.0,1.86,0.84,,,A,320.6,15.8,A,450.6,13.3,480.2
264,LE7_00055,A,2016.05.19,2016.05.21,2016.07.26,,A,1.16,0.16,100.0,1.8,0.75,,,A,320.7,15.8,A,450.5,13.3,480.2
265,LE7_00056,A,2016.05.19,2016.05.21,2016.07.26,,A,1.13,0.18,100.0,1.72,0.76,,,A,321.5,15.7,A,450.6,13.4,480.3
266,LE7_00057,A,2016.05.19,2016.05.21,2016.07.26,,A,1.15,0.14,100.0,1.65,0.71,,,A,321.6,16.3,A,450.7,13.4,480.3
267,LE7_00058,A,2016.05.19,2016.05.21,2016.07.19,,A,1.18,0.18,100.0,1.82,0.78,,,A,321.8,16.1,A,450.7,13.5,480.3
268,LE7_00059,A,2016.05.19,2016.05.21,2016.07.19,,A,1.13,0.17,100.0,1.73,0.63,,,A,317.4,16.6,A,450.6,13.3,480.3
269,LE7_00060,A,2016.05.19,2016.05.21,2016.07.14,,A,1.14,0.16,100.0,1.86,0.73,,,A,321.0,15.9,A,450.4,13.4,480.1
270,LE7_00061,A,2016.05.19,2016.05.21,2016.07.14,,A,1.13,0.18,100.0,1.75,0.7,,,A,321.4,16.1,A,450.5,13.4,480.2
271,LE7_00062,A,2016.05.19,2016.05.21,2016.07.14,,A,1.13,0.16,100.0,1.78,0.57,,,A,321.0,16.3,A,450.5,13.5,480.2
272,LE7_00063,A,2016.05.19,2016.05.21,2016.07.14,,A,1.11,0.15,100.0,1.61,0.61,,,A,320.5,16.1,A,450.5,13.4,480.2
273,LE7_00064,B,2016.05.19,2016.05.21,2016.07.14,,A,1.13,0.15,100.0,1.6,0.76,,,A,321.9,15.9,A,450.6,13.5,480.2
274,LE7_00065,A,2016.05.19,2016.05.21,2016.07.14,,A,1.13,0.19,100.0,1.84,0.47,,,A,321.4,16.3,A,450.6,13.5,480.3
275,LE7_00066,A,2016.05.19,2016.05.21,2016.07.14,,A,1.19,0.2,100.0,1.95,0.65,,,A,321.5,16.4,A,450.5,13.5,480.2
276,LE7_00067,A,2016.05.19,2016.05.21,2016.07.13,,A,1.12,0.15,100.0,1.7,0.61,,,A,322.1,15.7,A,450.5,13.1,480.1
277,LE7_00068,A,2016.05.19,2016.05.21,2016.07.13,,A,1.08,0.16,100.0,1.58,0.68,,,A,319.0,16.7,A,450.4,13.4,480.0
278,LE7_00069,A,2016.05.19,2016.05.21,2016.07.13,,A,1.03,0.24,100.0,1.77,0.54,,,A,321.4,17.8,A,450.6,13.4,480.2
279,LE7_00070,A,2016.05.19,2016.05.21,2016.07.13,,A,1.22,0.18,100.0,1.9,0.72,,,A,324.1,15.7,A,450.6,13.5,480.2
280,LE7_00071,A,2016.05.19,2016.05.21,2016.07.13,,A,1.08,0.13,100.0,1.6,0.71,,,A,319.3,16.3,A,450.6,13.3,480.2
281,LE7_00072,C,2016.05.19,2016.05.21,2016.07.13,,A,1.14,0.15,100.0,1.73,0.8,,,A,320.5,17.0,A,450.6,14.0,480.2
282,LE7_00073,A,2016.05.19,2016.05.21,2016.07.13,,A,1.12,0.15,100.0,1.75,0.72,,,A,318.3,16.2,A,450.6,13.3,480.2
283,LE7_00074,A,2016.05.19,2016.05.21,2016.07.13,,A,1.14,0.16,100.0,1.78,0.74,,,A,321.1,16.1,A,450.5,13.5,480.2
284,LE7_00075,A,2016.05.19,2016.05.21,2016.07.13,,A,1.14,0.15,100.0,1.64,0.77,,,A,321.0,16.0,A,450.6,13.4,480.2
285,LE7_00076,A,2016.05.19,2016.05.21,2016.07.13,,A,1.13,0.13,100.0,1.56,0.78,,,A,321.1,15.9,A,450.7,13.4,480.3
286,LE7_00077,A,2016.05.19,2016.05.21,2016.07.13,,A,1.13,0.18,99.6,2.73,0.64,,,A,320.5,16.3,A,450.7,13.4,480.3
287,LE7_00078,A,2016.05.19,2016.05.21,2016.07.12,,A,1.18,0.2,100.0,1.92,0.59,,,A,322.0,15.9,A,450.5,13.4,480.2
288,LE7_00079,A,2016.05.19,2016.05.21,2016.07.12,,A,1.18,0.15,100.0,1.93,0.63,,,A,321.6,16.7,A,450.2,13.6,479.7
289,LE7_00080,A,2016.05.19,2016.05.21,2016.07.12,,A,1.18,0.16,100.0,1.68,0.56,,,A,321.5,16.1,A,450.5,13.4,480.2
290,LE7_00081,A,2016.05.19,2016.05.21,2016.07.12,,A,1.15,0.19,100.0,1.84,0.6,,,A,319.8,16.4,A,450.6,13.4,480.2
291,LE7_00082,A,2016.05.19,2016.05.21,2016.07.12,,A,1.15,0.24,99.6,3.91,0.36,,,A,321.9,16.6,A,450.6,13.5,480.2
292,LE7_00083,A,2016.05.19,2016.05.21,2016.07.12,,A,1.15,0.16,100.0,1.93,0.57,,,A,320.7,16.5,A,450.6,13.5,480.3
293,LE7_00084,A,2016.05.19,2016.05.21,2016.07.12,,A,1.16,0.2,100.0,1.72,0.56,,,A,321.1,16.3,A,450.7,13.5,480.3
294,LE7_00085,A,2016.05.19,2016.05.21,2016.07.12,,A,1.21,0.19,100.0,1.76,0.61,,,A,325.9,16.4,A,450.7,13.6,480.3
295,LE6_00001,A,2016.05.18,2016.05.21,2016.06.08,,A,0.88,0.16,100.0,1.56,0.52,,,A,299.9,15.3,A,450.6,13.1,485.2
296,LE6_00005,A,2016.05.18,2016.05.21,2016.05.21,,A,1.02,0.18,100.0,2.39,0.1,,,A,286.8,15.3,A,450.5,13.1,485.1
297,LE6_00010,A,2016.05.18,2016.05.21,2016.05.21,2016.05.24,A,0.83,0.15,99.6,1.89,0.1,,,A,300.8,15.7,A,450.6,13.0,485.2
298,LE6_00019,A,2016.05.18,2016.05.21,2016.05.21,2016.05.24,A,0.74,0.06,100.0,0.92,0.1,,,A,312.1,16.2,A,450.6,13.1,485.2
299,LE6_00023,A,2016.05.18,2016.05.21,2016.05.21,2016.05.24,A,0.75,0.19,100.0,2.25,0.1,,,A,312.9,16.3,A,450.6,13.4,485.2
300,LE6_00032,A,2016.05.18,2016.05.21,2016.06.14,,A,0.74,0.07,100.0,1.35,0.49,,,A,314.3,16.2,A,450.4,13.2,485.1
301,LE6_00034,A,2016.05.18,2016.05.21,2016.07.11,,A,0.84,0.15,100.0,1.48,0.4,,,A,314.5,16.4,A,450.6,13.4,485.2
302,LE6_00035,A,2016.05.18,2016.05.21,2016.07.11,,A,0.78,0.13,100.0,1.43,0.38,,,A,312.6,16.4,A,450.6,13.2,485.3
303,LE6_00036,A,2016.05.18,2016.05.21,2016.07.11,,A,0.82,0.17,100.0,1.78,0.41,,,A,315.2,16.3,A,450.6,13.4,485.3
304,LE6_00037,A,2016.05.18,2016.05.21,2016.07.11,,A,0.84,0.15,100.0,1.63,0.37,,,A,314.8,16.2,A,450.6,13.3,485.3
305,LE6_00038,A,2016.05.18,2016.05.21,2016.07.11,,A,0.86,0.19,100.0,1.66,0.4,,,A,314.4,16.2,A,450.7,13.3,485.3
306,LE6_00039,A,2016.05.18,2016.05.21,2016.07.11,,A,0.82,0.16,100.0,1.65,0.37,,,A,316.1,16.1,A,450.6,13.0,485.3
307,LE6_00040,A,2016.05.18,2016.05.21,2016.07.11,,A,0.86,0.18,100.0,1.78,0.43,,,A,316.6,16.1,A,450.7,13.3,485.4
308,LE6_00041,A,2016.05.18,2016.05.21,2016.07.11,,A,0.88,0.2,100.0,1.76,0.31,,,A,315.3,16.5,A,450.7,13.4,485.3
309,LE6_00042,A,2016.05.18,2016.05.21,2016.07.08,,A,0.82,0.14,100.0,1.38,0.44,,,A,315.2,16.2,A,450.6,13.3,485.2
310,LE6_00043,A,2016.05.18,2016.05.21,2016.07.08,,A,0.79,0.11,100.0,1.19,0.41,,,A,314.8,16.3,A,450.6,13.3,485.2
311,LE6_00044,A,2016.05.18,2016.05.21,2016.07.08,,A,0.82,0.15,100.0,1.57,0.37,,,A,315.8,16.1,A,450.6,13.4,485.2
312,LE6_00045,A,2016.05.18,2016.05.21,2016.07.08,,A,0.81,0.14,100.0,1.37,0.37,,,A,313.2,16.2,A,450.6,13.2,485.2
313,LE6_00046,A,2016.05.18,2016.05.21,2016.07.08,,A,0.78,0.13,100.0,1.28,0.4,,,A,310.9,16.1,A,450.6,13.2,485.3
314,LE6_00047,A,2016.05.18,2016.05.21,2016.07.08,,A,0.81,0.14,100.0,1.52,0.37,,,A,314.1,16.1,A,450.6,13.3,485.2
315,LE6_00048,A,2016.05.18,2016.05.21,2016.07.08,,A,0.78,0.15,100.0,1.6,0.38,,,A,314.0,16.2,A,450.6,13.3,485.2
316,LE6_00049,A,2016.05.18,2016.05.21,2016.07.08,,A,0.79,0.16,100.0,1.76,0.41,,,A,313.5,16.2,A,450.6,13.2,485.2
317,LE6_00050,A,2016.05.18,2016.05.21,2016.07.08,,A,0.75,0.12,100.0,1.28,0.38,,,A,312.9,16.0,A,450.5,13.2,485.2
318,LE6_00051,A,2016.05.18,2016.05.21,2016.07.08,,A,0.76,0.13,100.0,1.35,0.37,,,A,312.9,16.9,A,450.5,14.1,485.2
319,LE6_00052,A,2016.05.18,2016.05.21,2016.07.08,,A,0.76,0.14,100.0,1.75,0.36,,,A,308.7,16.9,A,450.6,13.3,485.2
320,LE6_00053,A,2016.05.18,2016.05.21,2016.07.08,,A,0.77,0.12,100.0,1.42,0.4,,,A,312.7,16.3,A,450.6,13.2,485.2
321,LE6_00054,A,2016.05.18,2016.05.21,2016.07.08,,A,0.74,0.11,100.0,1.32,0.39,,,A,312.6,15.9,A,450.6,13.3,485.2
322,LE6_00055,A,2016.05.18,2016.05.21,2016.07.08,,A,0.71,0.1,100.0,1.26,0.36,,,A,312.1,16.2,A,450.6,13.3,485.3
323,LE6_00056,A,2016.05.18,2016.05.21,2016.07.08,,A,0.76,0.16,100.0,1.66,0.36,,,A,312.8,16.0,A,450.6,13.3,485.3
324,LE6_00057,A,2016.05.18,2016.05.21,2016.07.08,,A,0.79,0.18,100.0,1.92,0.38,,,A,313.5,16.3,A,450.6,13.3,485.2
325,LE6_00058,A,2016.05.18,2016.05.21,2016.07.08,,A,0.77,0.16,100.0,1.63,0.34,,,A,313.0,16.1,A,450.6,13.3,485.3
326,LE6_00059,A,2016.05.18,2016.05.21,2016.07.08,,A,0.73,0.1,100.0,1.18,0.4,,,A,314.0,16.6,A,450.6,14.2,485.3
327,LE6_00060,A,2016.05.18,2016.05.21,2016.07.08,,A,0.74,0.12,100.0,1.27,0.32,,,A,314.0,16.0,A,450.7,13.4,485.3
328,LE6_00061,A,2016.05.18,2016.05.21,2016.07.08,,A,0.78,0.1,100.0,1.24,0.39,,,A,312.2,16.3,A,450.6,13.3,485.3
329,LE6_00062,A,2016.05.18,2016.05.21,2016.07.08,,A,0.8,0.13,100.0,1.91,0.4,,,A,314.9,16.3,A,450.7,13.4,485.4
330,LE6_00063,A,2016.05.18,2016.05.21,2016.07.08,,A,0.77,0.14,100.0,2.06,0.43,,,A,315.0,16.2,A,450.7,13.5,485.3
331,LE6_00064,A,2016.05.18,2016.05.21,2016.07.07,,A,0.78,0.14,100.0,1.5,0.38,,,A,312.7,16.6,A,450.6,13.4,485.3
332,LE6_00065,A,2016.05.18,2016.05.21,2016.07.07,,A,0.78,0.14,100.0,1.5,0.42,,,A,314.5,16.5,A,450.6,13.5,485.3
333,LE6_00066,A,2016.05.18,2016.05.21,2016.06.14,,A,0.79,0.18,100.0,1.94,0.49,,,A,312.3,16.2,A,450.7,13.3,485.3
334,LE6_00067,A,2016.05.18,2016.05.21,2016.06.14,,A,0.78,0.18,100.0,28.95,0.52,,,A,313.6,16.1,A,450.7,13.4,485.4
335,LE6_00068,A,2016.05.18,2016.05.21,2016.06.08,,A,0.75,0.1,100.0,1.22,0.52,,,A,309.5,16.4,A,450.6,13.3,485.2
336,LE6_00069,A,2016.05.18,2016.05.21,2016.05.21,2016.05.24,A,0.74,0.11,100.0,1.48,0.1,,,A,312.8,15.9,A,450.5,13.1,485.1
337,LE6_00070,A,2016.05.18,2016.05.21,2016.06.08,,A,0.78,0.1,100.0,1.34,0.53,,,A,314.5,17.3,A,450.6,14.7,485.2
338,LE6_00071,A,2016.05.18,2016.05.21,2016.05.21,2016.05.24,A,0.73,0.13,100.0,2.24,0.1,,,A,312.1,16.2,A,450.5,13.4,485.1
339,LE6_00072,A,2016.05.18,2016.05.21,2016.05.21,2016.05.24,A,0.73,0.11,99.6,1.87,0.1,,,A,312.3,15.9,A,450.5,13.3,485.1
340,LE6_00073,A,2016.05.18,2016.05.21,2016.05.21,2016.05.24,A,0.72,0.07,100.0,1.16,0.1,,,A,313.2,16.7,A,450.5,13.4,485.2
341,LE6_00074,A,2016.05.18,2016.05.21,2016.06.08,,A,0.76,0.1,100.0,1.34,0.56,,,A,316.9,16.0,A,450.6,13.4,485.2
342,LE6_00075,A,2016.05.18,2016.05.21,2016.05.21,2016.05.24,A,0.74,0.09,100.0,1.51,0.1,,,A,314.4,16.4,A,450.5,13.5,485.2
343,LE6_00076,A,2016.05.18,2016.05.21,2016.05.21,2016.05.24,A,0.79,0.14,100.0,2.34,0.1,,,A,317.7,16.2,A,450.5,13.4,485.1
344,LE6_00077,A,2016.05.18,2016.05.21,2016.06.08,,A,0.81,0.14,100.0,1.44,0.58,,,A,314.5,16.5,A,450.6,13.4,485.3
345,LE6_00078,B,2016.05.18,2016.05.21,2016.05.21,2016.05.24,B,0.73,0.18,98.7,2.38,0.1,,,A,307.9,17.1,A,450.4,14.0,485.1
346,LE6_00079,A,2016.05.18,2016.05.21,2016.06.08,,A,0.75,0.1,100.0,1.23,0.45,,,A,312.8,16.9,A,450.6,13.5,485.2
347,LE6_00080,A,2016.05.18,2016.05.21,2016.06.08,,A,0.78,0.11,100.0,1.38,0.5,,,A,312.9,16.2,A,450.6,13.3,485.2
348,LE6_00081,A,2016.05.18,2016.05.21,2016.06.08,,A,0.82,0.18,100.0,1.81,0.5,,,A,312.1,16.4,A,450.6,13.3,485.2
349,LE6_00082,A,2016.05.18,2016.05.21,2016.06.08,,A,0.76,0.11,100.0,1.46,0.53,,,A,312.8,16.4,A,450.6,13.4,485.2
350,LE6_00083,A,2016.05.18,2016.05.21,2016.06.08,,A,0.77,0.1,100.0,1.16,0.52,,,A,313.4,16.1,A,450.6,13.4,485.3
351,LE6_00084,A,2016.05.18,2016.05.21,2016.06.08,,A,0.81,0.14,100.0,1.54,0.51,,,A,313.3,16.4,A,450.6,13.5,485.2
352,LE6_00085,A,2016.05.18,2016.05.21,2016.06.08,,A,0.78,0.08,100.0,1.17,0.57,0.530000,0.270000,A,311.9,17.1,A,450.5,14.2,485.1
